title,url,channel_name,thumbnail_url,description
Redneck vs Fancy Whiskey Glass,https://www.youtube.com/watch?v=2jfbXZiE6Lc,Drew Talbert,https://i.ytimg.com/vi/2jfbXZiE6Lc/hqdefault.jpg?sqp=-oaymwEcCPYBEIoBSFXyq4qpAw4IARUAAIhCGAFwAcABBg==&rs=AOn4CLA7SJIX7Y0LFpd5Ya6QC2EwRGkMZw,I‚Äôm just shocked Brad was able to sell him in that $20 hooch Co-write w/ Andrea Kelley
World‚Äôs Sharpest Knife!,https://www.youtube.com/watch?v=ySXPnjStay4,Beast Reacts,https://i.ytimg.com/vi/ySXPnjStay4/hqdefault.jpg?sqp=-oaymwEcCPYBEIoBSFXyq4qpAw4IARUAAIhCGAFwAcABBg==&rs=AOn4CLB2KGtDwtWnTDxGlDpjzSpTPlHN5Q,Chris and I react to the greatest item hacks in the world! CHECK OUT THESE CHANNELS OR ELSE Experimental Fun https://www.youtube.com/watch?v=5ZchgU9KLOc Louis Weisz https://www.youtube.com/watc...
Imagine vaping ü§° üòÇ,https://www.youtube.com/watch?v=5Gfea7nHKO0,ecomedyethann,https://i.ytimg.com/vi/5Gfea7nHKO0/hqdefault.jpg?sqp=-oaymwEcCPYBEIoBSFXyq4qpAw4IARUAAIhCGAFwAcABBg==&rs=AOn4CLA9dsT3RLhkCaOrA-PlqInL3cddjQ,#explore #viral #tiktok
dhruv - double take (Official Video),https://www.youtube.com/watch?v=R8FHtIhWqNo,dhruv,https://i.ytimg.com/vi/R8FHtIhWqNo/hqdefault.jpg?sqp=-oaymwEcCPYBEIoBSFXyq4qpAw4IARUAAIhCGAFwAcABBg==&rs=AOn4CLDZPyVwRPrgjVk5OkbFUBJ2ZaD0og,Follow dhruv: Instagram: https://www.instagram.com/dhrvie/ Facebook: https://www.facebook.com/dhrvie/ Twitter: https://twitter.com/dhrvie Directed by: Aboveground Produced by: Samuel Taylor...
Elementzz builds Iron Man in Minecraft?,https://www.youtube.com/watch?v=6_zAmS-920I,KJModsMinecraft,,#shorts #minecraft #meme Elementzz builds Iron Man in Minecraft? @Elementzz has a pixel art build battle with me but builds a man ironing instead of iron man! He's such a funny goofy idiot!
FIGHT HIGHLIGHTS | Te√≥fimo L√≥pez vs. George Kambosos Jr.,https://www.youtube.com/watch?v=0avqY81npVU,DAZN Boxing,,"Highlights of Te√≥fimo L√≥pez vs. George Kambosos Jr. from the Hulu Theater at Madison Square Garden in New York City, New York. Subscribe to our YouTube channel üëâ http://bit.ly/DAZNBoxingYouT..."
OFFLINETV RUINS THANKSGIVING DINNER,https://www.youtube.com/watch?v=t5wIYIT-9vo,OfflineTV,,HAPPY BELATED THANKSGIVING!! Many thanks to our friends at Cosori! Their products are game changers to have around the house. Snag an air fryer on sale today at https://cosoripartners.com/OTVAirFry...
Shaquille O'Neal Goes Sneaker Shopping With Complex,https://www.youtube.com/watch?v=VfOtgxp4Fng,Complex,,"Shaquille O‚ÄôNeal goes Sneaker Shopping with Complex‚Äôs Joe La Puma at A Ma Maniere in Atlanta and talks about signing to Reebok, starting his own sneaker brand, and the problems he‚Äôs dealt..."
LEO MESSI WINS 7TH BALLON D'OR (BALLON D'OR 2021) 7Ô∏è‚É£ üèÜ,https://www.youtube.com/watch?v=ETHUhf058N8,FC Barcelona,,"Leo Messi has won yet another Ballon d‚ÄôOr. After a year in which France Football did not name a winner due to Covid-19, the Argentinian has been revealed as the world player of the year for..."
Why I Left Twitch.,https://www.youtube.com/watch?v=j4C7ugBXUkY,Mogul Mail,,WATCH ME LIVE ‚ñ∫ ON YOUTUBE WOW LOL THATS WEIRD TO SAY follow me on twitter ‚ñ∫ https://www.twitter.com/ludwigahgren follow me on tiktok ‚ñ∫ https://www.tiktok.com/@ludwigahgren follow me...
Nardo Wick - Me or Sum (feat. Future & Lil Baby) [Official Audio],https://www.youtube.com/watch?v=olKxFg0j-Ow,Nardo Wick,,Nardo Wick - Me or Sum (feat. Future & Lil Baby) [Official Audio] Stream/Download: https://NardoWick.lnk.to/MeOrSumID Who Is Nardo Wick - Out 12.3: http://whoisnardowick.com Subscribe: https://N...
How Letters Get Named: ‚ÄúW‚Äù,https://www.youtube.com/watch?v=lVEgEm-VqXE,Loic Suberville,,
KAI Ïπ¥Ïù¥ 'Peaches' MV,https://www.youtube.com/watch?v=GUdnTGnm6Yk,SMTOWN,,"KAI's 2nd mini album ""Peaches"" is out! Listen and download on your favorite platform: https://smarturl.it/KAI_Peaches [Tracklist] 01 Peaches 02 Vanilla 03 Domino 04 Come In 05 To Be Honest..."
I Am Old Now..,https://www.youtube.com/watch?v=AmCggyfL6kI,DanTDM,,sub pls : http://bit.ly/TxtGm8 Follow Me : üê¶ http://www.twitter.com/DanTDM üì∑ http://www.instagram.com/DanTDM In This Video: 00:00 - The Memes Begin 00:15 - WHAT DID YOU DO?! 01:22 -...
"Reacting To The Beatles ""Get Back"" Documentary",https://www.youtube.com/watch?v=qzihz9k2B1E,Rick Beato,,"I recently watched the new Beatles documentary ""Get Back"" on Disney +. Here are my thoughts. üì¶ Cyber Monday Sale: Get all educational products I have ever created in ONE bundle for just..."
Ashanti Proves Why She's The Lady Of Soul With A Medley Of Her Greatest Hits | Soul Train Awards '21,https://www.youtube.com/watch?v=mqDuiqThMZI,BETNetworks,,"The 2021 Lady of Soul, Ashanti shut down the Soul Train Awards stage with performances of her greatest hits including ""Baby,"" ""Happy,"" ""Always On Time,"" ""The Way That I Love You,"" and so many..."
sapnap lore vs techno's keyboard,https://www.youtube.com/watch?v=k-DCrmQNkAA,Technothepig,,147 wpm btw
OUR HOUSE STORY...,https://www.youtube.com/watch?v=Ud5xlPGK09w,The ACE Family,,OUR HOUSE STORY... **ACE FAMILY MERCH HERE: shopacefamily.com LAST VIDEO: https://www.youtube.com/watch?v=STpi_bjI9v4 JOIN THE ACE FAMILY & SUBSCRIBE: http://bit.ly/THEACEFAMILY *TURN...
Message | The Book of Boba Fett | Disney+,https://www.youtube.com/watch?v=XCAlNWNbN5c,Star Wars,,"‚ÄúThe Book of Boba Fett,‚Äù a thrilling Star Wars adventure teased in a surprise end-credit sequence following the Season 2 finale of ‚ÄúThe Mandalorian,‚Äù finds legendary bounty hunter Boba..."
THE REAL REASON WHY WE DIDN'T GO WITH NELK...,https://www.youtube.com/watch?v=Oo76UJmBOPA,Bradley Martyn,,Subscribe Here! https://www.youtube.com/bradleymartynonline?sub_confirmation=1 SUBSCRIBE TO MY PODCAST: https://www.youtube.com/channel/realrawtalk?sub_confirmation=1 SUBSCRIBE TO LIFE OF...
Saint Etienne vs PSG | LIGUE 1 HIGHLIGHTS | 11/28/2021 | beIN SPORTS USA,https://www.youtube.com/watch?v=Zf17TtLeh5o,beIN SPORTS USA,,Though Saint Etienne gave PSG a hard battle through most of the game Messi and company gave the greens a final score to keep the Parisians up top the Ligue 1 table. Catch the latest highlights...
Things My Students Do That I Just Don‚Äôt Get pt. 24 #shorts,https://www.youtube.com/watch?v=jgC06N-fE5E,Mrs. Woolley in 5th,,"Thank you so much for watching! üê≠üíú Don‚Äôt forget to like, comment, and subscribe so you don‚Äôt miss out of future videos! Become a member of the Woolley fam! üê≠MERCH: https://teespri..."
EVEN MORE Characters Drawn In The Something Style,https://www.youtube.com/watch?v=n6RYWtHi97k,TerminalMontage,,"Make sure you watch ""All Super Smash Bros Ultimate Characters Drawn in the Something Style"" first! https://www.youtube.com/watch?v=EZNl7OXVZnE I draw ALL the characters.. and then some extras!..."
"Melle Mel, Gloria Gaynor, Cherrelle & More Join DJ Cassdiy To Perform Hits | Pass The Mic",https://www.youtube.com/watch?v=DpOlZsChW5M,Soul Train,,"DJ Cassidy‚Äôs Pass the Mic: 2021 BET Soul Train Edition - DJ Cassidy passes the mic to some of his musical heroes to spread the love and perform classic hits. Artists include: Stephanie Mills,..."
The biggest announcement of my streaming career (not clickbait),https://www.youtube.com/watch?v=sIliHG_yo7w,Ludwig,,WATCH ME LIVE ‚ñ∫ this channel LULW follow me on twitter ‚ñ∫ https://www.twitter.com/ludwigahgren follow me on tiktok ‚ñ∫ https://www.tiktok.com/@ludwigahgren follow me on instagram ‚ñ∫ https://www...
What do you mean terminated?,https://www.youtube.com/watch?v=oeZsWL5zvRA,Neytirix,,"The first 1,000 people to use this link will get a 1 month free trial of Skillshare: https://skl.sh/neytirix11211 PREVIOUS EPISODE - https://youtu.be/qatzB4sl_ow Merch! - https://neytirixs-hunter..."
Where Are Those Clips From,https://www.youtube.com/watch?v=aDH5gONTYOQ,Dan Povenmire,,"A lot of people missed the ""Kee Kee Keee Keee"" episode."
We've got something to share...,https://www.youtube.com/watch?v=qQAIt3-NprA,itsJudysLife,,"Yes, the fifth and final Travis baby is on it's way! Due June 2022! I'm a beauty lover turned Mommy Vlogger. Welcome to our family vlogs here on ItsJudysLife. I like to call this channel our..."
I Spent 100 Days in a Frozen Zombie Apocalypse in Minecraft... Part 2,https://www.youtube.com/watch?v=eRsSq78WUYk,Forge Labs,,"I Spent 100 Days in a Zombie Apocalypse in Minecraft. Download and play The Battle Cats for free! Black Friday events are on now, including free log in bonus rewards, special discounts and..."
"Stray Kids ""Christmas EveL"" M/V",https://www.youtube.com/watch?v=57n4dZAPxNY,JYP Entertainment,,"Stray Kids(Ïä§Ìä∏Î†àÏù¥ ÌÇ§Ï¶à) ""Christmas EveL"" M/V Stray Kids Holiday Special Single ""Christmas EveL"" iTunes & Apple Music: apple.co/3cWnnqj Spotify: http://spoti.fi/3Gcrvz5 Stray Kids..."
JAY - END OF DISCUSSION (Official Music Video) -RichBoyTroy DISS,https://www.youtube.com/watch?v=JINaP4N5Xp8,Imbadkidjay,,JAY - END OF DISCUSSION (Official Music Video) -RichBoyTroy DISS More Videos ‚ûî https://www.youtube.com/channel/UCPmQ... -------------------------------------------------------------------------...
CHARLES BARKLEY GAINED 20-LBS IN 2 DAYS BEFORE THE NBA DRAFT | #shorts,https://www.youtube.com/watch?v=h91PyXBesgk,CHED,,Charles Barkley gained 20 lbs in two days to avoid getting drafted by the Philadelphia 76ers‚Ä¶ LIKE & SUBSCRIBE üëç #NBA #CharlesBarkley #Philadelphia76ers Music By Prod. Depo - Song:...
Can I Use The Customers Water When Pressure Washing?,https://www.youtube.com/watch?v=j66p1e8MyZk,Forever Self Employed,,
Tubbo Takes On America!,https://www.youtube.com/watch?v=Als2oXt4oEw,Tubbo,,This video is about my first time visiting America! it has all of my travels and friends! plz like cus that would be king of you my good people! Editor: @LlamaNeck My Second Channel: https://www...
Thoughts on No Nut November?üëÄ - Larry Wheels,https://www.youtube.com/watch?v=p8xl0HIEaVQ,Noel Deyzel,,"@Larry Wheels RYSE Supplements (Use code ""NOEL"" for 15% off your purchase) My current stack: (restocked) Pre-workout: https://rysesupps.com/products/project-blackout-pre-workout Best tasting..."
Most People Don't Know How Bikes Work,https://www.youtube.com/watch?v=9cNmUNHSBac,Veritasium,,"Why are bicycles stable? The most common answer is gyroscopic effects, but this is not right. This video was sponsored by Kiwico. Get 50% off your first month of any crate at https://kiwico.com/ver..."
GTA Wanted Level 100!,https://www.youtube.com/watch?v=L678M0y86dw,MrBeast Gaming,,"Thanks to Displate for sponsoring this video! Get 34% off 1-2 Displates, 38% off 3-4 Displates and 42% off your order of 5+ Displates for Black Friday here - valid through 12/10 https://displate.co..."
Seeing my mom for the first time in two years,https://www.youtube.com/watch?v=_XxqEHg4s2g,Simone Giertz,,I turn an Avion Sportsman trailer/camper into a guest house for my mom. Thanks KiwiCo for sponsoring this video. Check out the perfect holiday gifts for the kiddos in your life and get your...
Bruno Mars & Anderson .Paak as Silk Sonic - Fly As Me (LIVE BET Soul Train Awards 2021),https://www.youtube.com/watch?v=IQQ-87RSCRM,Bruno Mars,,"Bruno Mars, Anderson .Paak, Silk Sonic - Fly As Me - Live from the BET Soul Train Awards 2021 ‚ÄòAn Evening with Silk Sonic‚Äô available now: https://SilkSonic.lnk.to/AEWSSID üîî Subscribe..."
Sea of Thieves Season Five: Official Content Update Video,https://www.youtube.com/watch?v=mwxAblfDrMQ,Sea of Thieves,,Grab a grog and don your best party finery ‚Äì Sea of Thieves Season Five‚Äôs boatload of Voyage-enhancing features arrives December 2nd! Bury loot for safety or share your treasure maps with...
Dream Escaped...,https://www.youtube.com/watch?v=G7H3KRfIkCY,SapnapLIVE,,Dream Escaped... After months of locked up Dream has finally escaped prison on the Dream SMP Follow my socials: ‚ûΩ Twitter - @sapnap ‚ûΩ Twitch - @sapnap ‚ûΩ Instagram - @sapnapinsta Merch:...
BTS (Î∞©ÌÉÑÏÜåÎÖÑÎã®) PERMISSION TO DANCE ON STAGE - LA Highlights,https://www.youtube.com/watch?v=qFDTm_TBAcg,BANGTANTV,,BTS PERMISSION TO DANCE ON STAGE - LA üìù About Online Live-Streaming Ticket: https://weverse.onelink.me/qt3S/1d6a579b üé´ To Purchase: https://weverseshop.onelink.me/BZSY/58472765 üìù...
SECRET Behind Starbucks Drink Sizes (marketing),https://www.youtube.com/watch?v=OLrlV5xzWQU,Max Klymenko,,#shorts #starbucks #marketing #business
AS SAINT-√âTIENNE - PARIS SAINT-GERMAIN (1 - 3) - Highlights - (ASSE - PSG) / 2021-2022,https://www.youtube.com/watch?v=UYPC92TWNws,Ligue 1 Uber Eats Official,,AS SAINT-√âTIENNE vs PARIS SAINT-GERMAIN Highlights (1 - 3) in video. Ligue 1 Uber Eats - Season 2021/2022 - Week 15 STADE GEOFFROY GUICHARD - Sunday 28 November 2021 Goals : Denis BOUANGA...
Halo Infinite | Carry On,https://www.youtube.com/watch?v=aUD1IxXhfHQ,HALO,,"Dive into the fray with Halo's most harrowing fight yet. You face an entire army of ruthless Banished soldiers. But they face the Master Chief. For more information on Halo Infinite, head..."
Chelsea v. Manchester United | PREMIER LEAGUE HIGHLIGHTS | 11/28/2021 | NBC Sports,https://www.youtube.com/watch?v=GqUUIWb22ss,NBC Sports,,Jorginho played scapegoat and savior for Chelsea as he played a key role in both goals in the Blues' 1-1 draw against manager-less Manchester United. #NBCSports #PremierLeague #Chelsea #ManUnited...
I Made $1 Billion in 5 Seconds and It Changed Reality - Hydroneer,https://www.youtube.com/watch?v=if_2PTZKsEo,Let's Game It Out,,Opera GX gives you complete CONTROL over your RAM & CPU usage. Kill CPU-draining tabs! Download now for FREE: https://operagx.gg/LetsGameItOut2 Thanks to Opera for sponsoring! JOIN MY STREAMS!...
Kurstin x Grohl: The Hanukkah Sessions 2021: Night One,https://www.youtube.com/watch?v=AB8Jxjv5mug,Foo Fighters,,"Welcome back to the menorah, y‚Äôall. Let‚Äôs kick it this year‚Äôs Hanukkah sessions with one of Dallas, Texas‚Äôs favorite Jewish daughters. So put on your coffee shop spectacles and your..."
Why Phineas and Ferb Brigade Shouldn‚Äôt Work,https://www.youtube.com/watch?v=4O7LmEwV08g,Dan Povenmire,,
Jeff Bezos vs Mansa Musa. Epic Rap Battles Of History,https://www.youtube.com/watch?v=fCeUvPL9rMc,ERB,,Jeff Bezos vs Mansa Musa. Epic Rap Battles Of History. Huge thank you to NordVPN for sponsoring this battle! Go to https://NordVPN.com/EPIC to get a 2-year plan with a huge epic discount!...
Jokes on jokes on jokes,https://www.youtube.com/watch?v=7RIO-Aqb7_w,SomeThingElseYT,,"I have a journal I carry around and write in whenever I have a thought, joke, or really pretty much anything that comes to mind. Wanted to share some of them New Merch Available link in comments!..."
"$456,000 Squid Game In Real Life!",https://www.youtube.com/watch?v=0e3GPea1Tyg,MrBeast,,MAKE SURE YOU WATCH UNTIL GLASS BRIDGE IT'S INSANE! Download Brawl Stars now and get a free gift from me in the game! http://supr.cl/mrbeast Thank you GoPro for supplying us with cameras...
GTA Wanted Level 100!,https://www.youtube.com/watch?v=L678M0y86dw,MrBeast Gaming,,"Thanks to Displate for sponsoring this video! Get 34% off 1-2 Displates, 38% off 3-4 Displates and 42% off your order of 5+ Displates for Black Friday here - valid through 12/10 https://displate.co..."
Using Reverse Psychology To Get ANYTHING You Want,https://www.youtube.com/watch?v=HHbF8HaC4w8,Amyy Woahh,,
Never Spill a Drink again. ü§Ø,https://www.youtube.com/watch?v=jTihJ0RFjFc,Mrwhosetheboss Shorts,,Full gadgets video HERE: https://youtu.be/GCmiKaLnd7M Do consider subscribing to my Shorts Channel! üëä Main Mrwhosetheboss YouTube Channel: https://www.youtube.com/user/Mrwhosetheboss #shorts...
When you need that lowdown truth,https://www.youtube.com/watch?v=sRR3EUDJ23c,Drew Talbert,,
GENIUS PEOPLE WHO BEAT THE SYSTEM!! #Shorts,https://www.youtube.com/watch?v=Hs3b4-vnWAk,Davidjustinn,,
I Made $1 Billion in 5 Seconds and It Changed Reality - Hydroneer,https://www.youtube.com/watch?v=if_2PTZKsEo,Let's Game It Out,,Opera GX gives you complete CONTROL over your RAM & CPU usage. Kill CPU-draining tabs! Download now for FREE: https://operagx.gg/LetsGameItOut2 Thanks to Opera for sponsoring! JOIN MY STREAMS!...
Saint Etienne vs PSG | LIGUE 1 HIGHLIGHTS | 11/28/2021 | beIN SPORTS USA,https://www.youtube.com/watch?v=Zf17TtLeh5o,beIN SPORTS USA,,Though Saint Etienne gave PSG a hard battle through most of the game Messi and company gave the greens a final score to keep the Parisians up top the Ligue 1 table. Catch the latest highlights...
How Letters Get Named: ‚ÄúW‚Äù,https://www.youtube.com/watch?v=lVEgEm-VqXE,Loic Suberville,,
Alaska Bucket List,https://www.youtube.com/watch?v=hj5Xv2L2X4M,Dude Perfect,,"Dog Sledding, Ice Climbing, White Water Rafting, Salmon Fishing, and more.. Alaska is INCREDIBLE! Thanks to our friends at Bass Pro Shops for sponsoring this video! Visit Bass Pro Shops and..."
SPIDER-MAN: NO WAY HOME - Official Trailer (HD),https://www.youtube.com/watch?v=JfVOs4VSpmA,Sony Pictures Entertainment,,"We started getting visitors‚Ä¶ from every universe. Watch the official trailer for #SpiderManNoWayHome, exclusively in movie theaters December 17. Tickets on sale CÃ∂yÃ∂bÃ∂eÃ∂rÃ∂ Spider-Monday,..."
Moneybagg Yo - Scorpio [Official Music Video],https://www.youtube.com/watch?v=GChxzIwyNt4,MoneyBagg Yo,,Moneybagg Yo's new album out now: https://moneybaggyo.lnk.to/AGangstasPainReloaded Follow Moneybagg Yo: https://www.instagram.com/moneybaggyo/ https://twitter.com/moneybaggyo https://www.facebook....
World‚Äôs Sharpest Knife!,https://www.youtube.com/watch?v=ySXPnjStay4,Beast Reacts,,Chris and I react to the greatest item hacks in the world! CHECK OUT THESE CHANNELS OR ELSE Experimental Fun https://www.youtube.com/watch?v=5ZchgU9KLOc Louis Weisz https://www.youtube.com/watc...
"Game Theory: FNAF, Goodbye Father (FNAF Security Breach Predictions)",https://www.youtube.com/watch?v=kbAuywE8xPo,The Game Theorists,,Special thanks to Displate for sponsoring this video! Enjoy big savings on your prints for a LIMITED TIME! ‚ñ∫ https://displate.com/promo/gametheorists?art=6180340794652 Get 34% off 1-2...
Rod Wave - By Your Side (Official Video),https://www.youtube.com/watch?v=y7394ESN91Y,RodWave,,#RodWave #SoulFly #ByYourSide Stream SoulFly: http://smarturl.it/SoulFlyDeluxe Follow Rod Wave: ‚ñ∫ Instagram: https://www.instagram.com/rodwave/?hl=en ‚ñ∫ Twitter: https://twitter.com/rodwave...
95th annual Macy‚Äôs Thanksgiving Day Parade takes place in New York | USA Today,https://www.youtube.com/watch?v=0F3d6e8B3bM,USA TODAY,,"The classic Macy's Thanksgiving Day Parade has been watched by millions of New York residents and millions more on television. Broadway will be showcased with performances from musicals ‚ÄúSix,..."
Taylor Swift - All Too Well: The Short Film,https://www.youtube.com/watch?v=tollGa3S0o8,Taylor Swift,,"Written & Directed by: Taylor Swift Starring: Sadie Sink, Dylan O‚ÄôBrien & Taylor Swift Red (Taylor‚Äôs Version) available everywhere now: https://taylor.lnk.to/redtaylorsversion ‚ñ∫Subscribe..."
Imagine vaping ü§° üòÇ,https://www.youtube.com/watch?v=5Gfea7nHKO0,ecomedyethann,,#explore #viral #tiktok
Jeff Bezos vs Mansa Musa. Epic Rap Battles Of History,https://www.youtube.com/watch?v=fCeUvPL9rMc,ERB,,Jeff Bezos vs Mansa Musa. Epic Rap Battles Of History. Huge thank you to NordVPN for sponsoring this battle! Go to https://NordVPN.com/EPIC to get a 2-year plan with a huge epic discount!...
"POV everyone gets a mark on their arm when they lie, except for him‚Ä¶",https://www.youtube.com/watch?v=qAGUAXfdlOw,Ian Boggs,,Inspired by @NicoleRodgers on TikTok (https://www.tiktok.com/@nicolerodge?) // Follow me on IG for your daily dose of Ian! üôåüèº IG: https://www.instagram.com/ianboggz/ Hey Ian Nation!...
100 Days - [Old Minecraft],https://www.youtube.com/watch?v=hySgv7XyWaM,Luke TheNotable,,"Old Minecraft is quite a trip down memory lane and in this video, Luke TheNotable attempts to survive for 100 Days in Minecraft 1.0 in the notable hardcore mode. If he dies, his world is deleted...."
AMP THANKSGIVING REUNION,https://www.youtube.com/watch?v=E51vBBDAwM0,AMP,,Join this channel to get access to perks: https://www.youtube.com/channel/UCJbYdyufHR-cxOuY96KIoqA/join AMP AMP AMP AMP üíú Join the AMP SQUAD on Discord: https://discord.gg/zMeuncfUc8 üì∏:...
Green Dry Aged Turkey #shorts,https://www.youtube.com/watch?v=-2exRhKYqRk,Max the Meat Guy,,"Dry Aged Thai Turkey ‚ö™Ô∏èüî¥üü¢‚ö´Ô∏è I hope everyone had an amazing Thanksgiving and I appreciate the support from each of you! This is the last turkey video, it‚Äôs officially prime..."
how my claire‚Äôs piercing got infected‚Ä¶üòê,https://www.youtube.com/watch?v=QCrCl3za2Qo,BENOFTHEWEEK,,oopsie
I Spent 100 Days in a Frozen Zombie Apocalypse in Minecraft... Part 2,https://www.youtube.com/watch?v=eRsSq78WUYk,Forge Labs,,"I Spent 100 Days in a Zombie Apocalypse in Minecraft. Download and play The Battle Cats for free! Black Friday events are on now, including free log in bonus rewards, special discounts and..."
"CM Punk & MJF: The Moment the World Has Been Waiting for Didn't Disappoint | AEW Dynamite, 11/24/21",https://www.youtube.com/watch?v=SPAAKVDDEUU,All Elite Wrestling,,#AEWDynamite #CMPunk #MJF Subscribe now and never miss a new video: https://www.youtube.com/c/aew?sub_confirmation=1 AEW Dynamite airs every Wednesday night 8e/7c on TNT **AEW DYNAMITE MOVES...
SECRET Behind Starbucks Drink Sizes (marketing),https://www.youtube.com/watch?v=OLrlV5xzWQU,Max Klymenko,,#shorts #starbucks #marketing #business
BTS & Papa Mochi Are Reunited!,https://www.youtube.com/watch?v=pRl2tawentY,The Late Late Show with James Corden,,"In this extended interview, James welcomes BTS back to the Late Late Show couch after not seeing each other in person for 2 years and RM cuts to the chase to clear the air with Papa Mochi...."
Fired?,https://www.youtube.com/watch?v=AV1gnTSOsNk,Dani Razooqi,,
Ashanti Proves Why She's The Lady Of Soul With A Medley Of Her Greatest Hits | Soul Train Awards '21,https://www.youtube.com/watch?v=mqDuiqThMZI,BETNetworks,,"The 2021 Lady of Soul, Ashanti shut down the Soul Train Awards stage with performances of her greatest hits including ""Baby,"" ""Happy,"" ""Always On Time,"" ""The Way That I Love You,"" and so many..."
Jackboy - Don't Force My Hand (Official Video),https://www.youtube.com/watch?v=5nsul6Kjo2E,1804 Jackboy,,"#Jackboy #DontForceMyHand #1804Records Stream ""Don't Force My Hand"" Now: https://music.empi.re/dontforcemyhand Official Video by Jackboy - Don't Force My Hand¬© 2021 1804 Records / EMPIRE"
When my Step Dad tries to tell me what to do:,https://www.youtube.com/watch?v=YMMN1Vn2crA,spicyycam_,,#short #shorts
WALMART WORKERS ARE SOMETHING ELSE üíÄüò≠ #shorts,https://www.youtube.com/watch?v=_4mJn3hFdXo,Sharukh Sharukh,,
The Weeknd - Die For You (Official Music Video),https://www.youtube.com/watch?v=uPD0QOGTmMI,The Weeknd,,"Official music video for The Weeknd ‚ÄúDie For You‚Äù, from Starboy available everywhere now: http://theweeknd.co/Starboy ‚ñ∫Subscribe to The Weeknd on YouTube: http://theweeknd.co/subscribeYD..."
Iman Shumpert‚Äôs Freestyle ‚Äì Dancing with the Stars,https://www.youtube.com/watch?v=ZzQWzYWjhmE,Dancing With The Stars,,Iman Shumpert and Daniella Karagach dance Freestyle to ‚ÄúLose Control / Bounce‚Äù by Missy Elliott ft. Ciara & Fat Man Scoop / DJ Clent on the Dancing with the Stars Finale! Subscribe: http://goo...
Can you ESCAPE this Minecraft Prison??,https://www.youtube.com/watch?v=HkqG2kcsMW0,SeaWattgaming,,Can you escape this Minecraft Prison?? Download Monster Legends for free to claim special rewards before Dec 8th: https://monsterlegends.onelink.me/QSYm/MLNovember2 PLEASE JOIN MY DISCORD...
JAY - END OF DISCUSSION (Official Music Video) -RichBoyTroy DISS,https://www.youtube.com/watch?v=JINaP4N5Xp8,Imbadkidjay,,JAY - END OF DISCUSSION (Official Music Video) -RichBoyTroy DISS More Videos ‚ûî https://www.youtube.com/channel/UCPmQ... -------------------------------------------------------------------------...
Bruno Mars & Anderson .Paak as Silk Sonic - Smokin Out The Window (LIVE American Music Awards 2021),https://www.youtube.com/watch?v=nAUwKeO93bY,Bruno Mars,,"Bruno Mars, Anderson .Paak, Silk Sonic - Smokin Out The Window - Live from the American Music Awards 2021 ‚ÄòAn Evening with Silk Sonic‚Äô available now: https://SilkSonic.lnk.to/AEWSSID ..."
Taylor Swift ft. Chris Stapleton - I Bet You Think About Me (Taylor's Version) (Officia...,https://www.youtube.com/watch?v=5UMCrq-bBCg,Taylor Swift,,Red (Taylor‚Äôs Version) available everywhere now: https://taylor.lnk.to/redtaylorsversion ‚ñ∫Subscribe to Taylor Swift on YouTube: https://ts.lnk.to/subscribe ‚ñ∫Exclusive Merch: http://taylor...
Most People Don't Know How Bikes Work,https://www.youtube.com/watch?v=9cNmUNHSBac,Veritasium,,"Why are bicycles stable? The most common answer is gyroscopic effects, but this is not right. This video was sponsored by Kiwico. Get 50% off your first month of any crate at https://kiwico.com/ver..."
EST Gee - Lamborghini Geeski (Official Music Video),https://www.youtube.com/watch?v=3fIJV2W5PhM,EST Gee,,Listen to EST Gee's ‚ÄúLamborghini Geeski‚Äù available on all platforms: https://estgee.lnk.to/LamborghiniGeeski Follow EST Gee: https://twitter.com/ESTGEE https://www.instagram.com/est.gee...
That one McDonalds employee,https://www.youtube.com/watch?v=0X_wujZXwc4,snerixx,,
Shaquille O'Neal Goes Sneaker Shopping With Complex,https://www.youtube.com/watch?v=VfOtgxp4Fng,Complex,,"Shaquille O‚ÄôNeal goes Sneaker Shopping with Complex‚Äôs Joe La Puma at A Ma Maniere in Atlanta and talks about signing to Reebok, starting his own sneaker brand, and the problems he‚Äôs dealt..."
Can I Use The Customers Water When Pressure Washing?,https://www.youtube.com/watch?v=j66p1e8MyZk,Forever Self Employed,,
You‚Äôll Never Guess Why This Is Screwed To His Face.. Orthodontist Reacts!,https://www.youtube.com/watch?v=LVK6hmQ982U,The Bentist,,You‚Äôll Never Guess Why This Is Screwed To His Face.. Orthodontist Reacts! Like for more content! :) Get our new toothbrushes that give back here and support the Channel!! ‚¨áÔ∏è www.SomethingN...
Meet The Man Who Shoots At Birds All Day To Keep Them Off A Toxic Pit | World Wide Waste,https://www.youtube.com/watch?v=qtlPTE-UmY4,Business Insider,,"If migrating species land on the Berkeley Pit for more than a few hours, they get cooked from the inside out. Now, miners use a rifle, drones, and lasers to scare the birds away. MORE WORLD..."
If People Had Soundtracks in Real Life.,https://www.youtube.com/watch?v=y0B2hs4ND_A,Daniel LaBelle,,Imagine if people always had musicians playing music according to their real life circumstances and emotions. #shorts @Rob Landes ------------------------------------------------------- It...
